id,first_name,last_name,created_at,deleted_at
1,Michael,P.,2018-04-10,
2,Shawn,M.,2018-04-10,
3,Kathleen,P.,2018-04-10,
4,Jimmy,C.,2018-04-10,
5,Katherine,R.,2018-04-10,
6,Sarah,R.,2018-04-10,
7,Martin,M.,2018-04-10,
8,Frank,R.,2018-04-10,
9,Jennifer,F.,2018-04-10,
10,Henry,W.,2018-04-10,
11,Fred,S.,2018-04-10,
12,Amy,D.,2018-04-10,
13,Kathleen,M.,2018-04-10,
14,Steve,F.,2018-04-10,
15,Teresa,H.,2018-04-10,2018-04-11
16,Amanda,H.,2018-04-10,
17,Kimberly,R.,2018-04-10,
18,Johnny,K.,2018-04-10,
19,Virginia,F.,2018-04-10,
20,Anna,A.,2018-04-10,
21,Willie,H.,2018-04-10,
22,Sean,H.,2018-04-10,2018-04-11
23,Mildred,A.,2018-04-10,
24,David,G.,2018-04-10,
25,Victor,H.,2018-04-10,
26,Aaron,R.,2018-04-10,
27,Benjamin,B.,2018-04-10,
28,Lisa,W.,2018-04-10,
29,Benjamin,K.,2018-04-10,2018-04-11
30,Christina,W.,2018-04-10,
31,Jane,G.,2018-04-10,
32,Thomas,O.,2018-04-10,
33,Katherine,M.,2018-04-10,
34,Jennifer,S.,2018-04-10,
35,Sara,T.,2018-04-10,
36,Harold,O.,2018-04-10,
37,Shirley,J.,2018-04-10,
38,Dennis,J.,2018-04-10,
39,Louise,W.,2018-04-10,
40,Maria,A.,2018-04-10,
41,Gloria,C.,2018-04-10,
42,Diana,S.,2018-04-10,
43,Kelly,N.,2018-04-10,
44,Jane,R.,2018-04-10,
45,Scott,B.,2018-04-10,
46,Norma,C.,2018-04-10,
47,Marie,P.,2018-04-10,
48,Lillian,C.,2018-04-10,
49,Judy,N.,2018-04-10,
50,Billy,L.,2018-04-10,
51,Howard,R.,2018-04-10,
52,Laura,F.,2018-04-10,
53,Anne,B.,2018-04-10,
54,Rose,M.,2018-04-10,
55,Nicholas,R.,2018-04-10,
56,Joshua,K.,2018-04-10,2018-05-01
56,Joshua,K.,2018-05-01,
57,Paul,W.,2018-04-10,
58,Kathryn,K.,2018-04-10,
59,Adam,A.,2018-04-10,
60,Norma,W.,2018-04-10,
61,Timothy,R.,2018-04-10,
62,Elizabeth,P.,2018-04-10,
63,Edward,G.,2018-04-10,
64,David,C.,2018-04-10,
65,Brenda,W.,2018-04-10,
66,Adam,W.,2018-04-10,2018-05-01
66,Adam,W.,2018-05-01,
67,Michael,H.,2018-04-10,
68,Jesse,E.,2018-04-10,
69,Janet,P.,2018-04-10,
70,Helen,F.,2018-04-10,
71,Gerald,C.,2018-04-10,
72,Kathryn,O.,2018-04-10,
73,Alan,B.,2018-04-10,
74,Harry,A.,2018-04-10,
75,Andrea,H.,2018-04-10,
76,Barbara,W.,2018-04-10,
77,Anne,W.,2018-04-10,
78,Harry,H.,2018-04-10,
79,Jack,R.,2018-04-10,
80,Phillip,H.,2018-04-10,
81,Shirley,H.,2018-04-10,
82,Arthur,D.,2018-04-10,
83,Virginia,R.,2018-04-10,
84,Christina,R.,2018-04-10,
85,Theresa,M.,2018-04-10,
86,Jason,C.,2018-04-10,
87,Phillip,B.,2018-04-10,
88,Adam,T.,2018-04-10,
89,Margaret,J.,2018-04-10,
90,Paul,P.,2018-04-10,
91,Todd,W.,2018-04-10,
92,Willie,O.,2018-04-10,
93,Frances,R.,2018-04-10,
94,Gregory,H.,2018-04-10,
95,Lisa,P.,2018-04-10,
96,Jacqueline,A.,2018-04-10,
97,Shirley,D.,2018-04-10,
98,Nicole,M.,2018-04-10,
99,Mary,G.,2018-04-10,
100,Jean,M.,2018-04-10,
101,Bob,A.,2018-05-01,
102,Jimmy,G.,2018-05-01,
103,Kimberly,L.,2018-05-01,
104,Sarah,O.,2018-05-01,
105,Lauren,Z.,2018-05-01,
106,Elizabeth,P.,2018-05-01,
107,Seth,F.,2018-05-01,
108,Brad,S.,2018-05-01,
109,Beau,P.,2018-05-01,
110,Molly,H.,2018-05-01,